is_static,is_enum,uses_variables,call_method,is_interface,full_name
true,false,false,true,false,calculator.CalculatorEditable$Factory
false,false,false,true,false,calculator.GLView$android.os.Handler1
true,false,false,false,false,calculator.HistoryAdapter$TagData
true,false,false,false,true,calculator.TouchHandler$TouchHandlerInterface
false,false,false,true,false,com.angrydoughnuts.android.alarmclock.AlarmClockActivity$android.widget.AdapterView$OnItemLongClickListener4
false,false,false,true,false,com.angrydoughnuts.android.alarmclock.AlarmClockActivity$android.view.View$OnClickListener7
true,false,false,false,false,com.angrydoughnuts.android.alarmclock.AlarmClockActivity$DeleteAllConfirmation
true,false,false,false,false,com.angrydoughnuts.android.alarmclock.AlarmClockProvider$AlarmEntry
true,false,false,false,false,com.angrydoughnuts.android.alarmclock.AlarmClockProvider$SettingsEntry
true,false,false,false,false,com.angrydoughnuts.android.alarmclock.AlarmClockProvider$DbAlarmClockHelper
true,false,false,false,false,com.angrydoughnuts.android.alarmclock.AlarmNotificationActivity$TimeoutMessage
true,false,true,false,false,com.angrydoughnuts.android.alarmclock.AlarmNotificationService$ActiveAlarms
true,false,false,false,false,com.angrydoughnuts.android.alarmclock.AlarmNotificationService$AlarmTriggerReceiver
false,false,false,true,false,com.angrydoughnuts.android.alarmclock.AlarmOptions$android.content.DialogInterface$OnClickListener1
true,false,true,false,false,com.angrydoughnuts.android.alarmclock.AlarmOptions$SettingsObserver
false,false,false,true,false,com.angrydoughnuts.android.alarmclock.AlarmOptions$android.content.DialogInterface$OnClickListenerRepeatEditor
true,false,true,true,false,com.angrydoughnuts.android.alarmclock.AlarmOptions$RepeatEditor
false,false,false,true,false,com.angrydoughnuts.android.alarmclock.AlarmOptions$android.content.DialogInterface$OnClickListenerDeleteConfirmation
true,false,true,true,false,com.angrydoughnuts.android.alarmclock.AlarmOptions$DeleteConfirmation
false,false,false,true,false,com.angrydoughnuts.android.alarmclock.AlarmOptions$com.angrydoughnuts.android.alarmclock.TimePicker$OnTimePickListenerOptionsView
false,false,false,true,false,com.angrydoughnuts.android.alarmclock.AlarmOptions$android.view.View$OnClickListenerOptionsView
false,false,false,true,false,com.angrydoughnuts.android.alarmclock.AlarmOptions$com.angrydoughnuts.android.alarmclock.AlarmOptions$RepeatEditor$OnPickListenerOptionsView
false,false,false,true,false,com.angrydoughnuts.android.alarmclock.AlarmOptions$android.view.View$OnClickListenerOptionsView
false,false,false,true,false,com.angrydoughnuts.android.alarmclock.AlarmOptions$com.angrydoughnuts.android.alarmclock.MediaPicker$ListenerOptionsView
false,false,false,true,false,com.angrydoughnuts.android.alarmclock.AlarmOptions$android.view.View$OnClickListenerOptionsView
false,false,false,true,false,com.angrydoughnuts.android.alarmclock.AlarmOptions$android.widget.SeekBar$OnSeekBarChangeListenerOptionsView
false,false,false,true,false,com.angrydoughnuts.android.alarmclock.AlarmOptions$android.widget.SeekBar$OnSeekBarChangeListenerOptionsView
true,false,true,true,false,com.angrydoughnuts.android.alarmclock.AlarmOptions$OptionsView
true,false,true,true,false,com.angrydoughnuts.android.alarmclock.DbUtil$Alarm
true,false,true,true,false,com.angrydoughnuts.android.alarmclock.DbUtil$Settings
false,false,false,true,false,com.angrydoughnuts.android.alarmclock.MediaPicker$android.widget.TabHost$TabContentFactory1
false,false,false,true,false,com.angrydoughnuts.android.alarmclock.MediaPicker$android.widget.TabHost$TabContentFactory2
false,false,false,true,false,com.angrydoughnuts.android.alarmclock.MediaPicker$android.widget.TabHost$TabContentFactory3
false,false,false,true,false,com.angrydoughnuts.android.alarmclock.MediaPicker$android.content.DialogInterface$OnClickListener5
false,false,false,true,false,com.angrydoughnuts.android.alarmclock.MediaPicker$android.widget.AdapterView$OnItemClickListener7
false,false,false,true,false,com.angrydoughnuts.android.alarmclock.MediaPicker$android.widget.AdapterView$OnItemClickListener8
false,false,true,false,false,com.angrydoughnuts.android.alarmclock.MediaPicker$ExtraEntry
false,false,false,true,false,com.angrydoughnuts.android.alarmclock.MediaPicker$ArtistsQuery
false,false,true,true,false,com.angrydoughnuts.android.alarmclock.MediaPicker$AlbumsQuery
false,false,false,true,false,com.angrydoughnuts.android.alarmclock.MediaPicker$MediaQuery
true,false,true,false,false,com.angrydoughnuts.android.alarmclock.SystemMessageReceiver$Alarm
false,false,false,true,false,com.angrydoughnuts.android.alarmclock.TimePicker$android.content.DialogInterface$OnClickListener1
false,false,false,true,false,com.angrydoughnuts.android.alarmclock.TimePicker$android.view.View$OnClickListener2
false,false,false,true,false,com.angrydoughnuts.android.alarmclock.TimePicker$android.text.TextWatcher3
false,false,false,true,false,com.angrydoughnuts.android.alarmclock.TimePicker$android.view.View$OnClickListener6
false,false,false,true,false,com.angrydoughnuts.android.alarmclock.TimePicker$java.lang.Runnable7
false,false,false,true,false,com.angrydoughnuts.android.alarmclock.TimePicker$android.view.View$OnLongClickListener7
false,false,false,true,false,com.angrydoughnuts.android.alarmclock.TimePicker$android.view.View$OnClickListener8
false,false,false,true,false,com.angrydoughnuts.android.alarmclock.TimePicker$java.lang.Runnable9
false,false,false,true,false,com.angrydoughnuts.android.alarmclock.TimePicker$android.view.View$OnLongClickListener9
false,false,false,true,false,com.angrydoughnuts.android.alarmclock.TimePicker$android.view.View$OnClickListener10
false,false,false,true,false,com.angrydoughnuts.android.alarmclock.TimePicker$java.lang.Runnable11
false,false,false,true,false,com.angrydoughnuts.android.alarmclock.TimePicker$android.view.View$OnLongClickListener11
false,false,false,true,false,com.angrydoughnuts.android.alarmclock.TimePicker$android.view.View$OnClickListener12
false,false,false,true,false,com.angrydoughnuts.android.alarmclock.TimePicker$java.lang.Runnable13
false,false,false,true,false,com.angrydoughnuts.android.alarmclock.TimePicker$android.view.View$OnLongClickListener13
false,false,false,true,false,com.angrydoughnuts.android.brightprof.BrightnessProfiles$android.widget.CheckBox$OnCheckedChangeListener3
false,false,false,true,false,com.angrydoughnuts.android.brightprof.BrightnessProfiles$android.widget.SeekBar$OnSeekBarChangeListener4
false,false,false,true,false,com.angrydoughnuts.android.brightprof.BrightnessProfiles$android.widget.AdapterView.OnItemClickListener5
false,false,false,true,false,com.angrydoughnuts.android.brightprof.CalibrateActivity$android.view.View$OnClickListener1
true,false,false,false,true,com.angrydoughnuts.android.alarmclock.AlarmOptions$RepeatEditor$OnPickListener
true,false,false,false,true,com.angrydoughnuts.android.alarmclock.AlarmOptions$DeleteConfirmation$Listener
true,false,false,false,true,com.angrydoughnuts.android.alarmclock.MediaPicker$Listener
true,false,false,false,true,com.angrydoughnuts.android.alarmclock.RangeBar$Listener
true,false,false,false,true,com.angrydoughnuts.android.alarmclock.Slider$Listener
true,false,false,false,true,com.angrydoughnuts.android.alarmclock.TimePicker$OnTimePickListener
true,false,false,true,false,com.davidshewitt.admincontrol.ControlYourDeviceActivity$android.preference.Preference$OnPreferenceChangeListener1
true,false,false,false,false,com.davidshewitt.admincontrol.ControlYourDeviceActivity$DevControlPreferenceFragment
false,false,false,true,false,com.davidshewitt.admincontrol.ControlYourDeviceActivity$android.content.DialogInterface$OnClickListener2
false,false,false,true,false,com.greenaddress.abcore.ConsoleActivity$android.widget.TextView$OnEditorActionListener1
false,false,false,true,false,com.greenaddress.abcore.DownloadActivity$android.view.View$OnClickListener1
false,false,true,false,false,com.greenaddress.abcore.DownloadActivity$DownloadInstallCoreResponseReceiver
false,false,false,true,false,com.greenaddress.abcore.DownloadInstallCoreIntentService$com.greenaddress.abcore.Utils$OnDownloadUpdate1
true,false,false,false,false,com.greenaddress.abcore.DownloadSettingsActivity$DownloadPreferenceFragment
false,false,false,true,false,com.greenaddress.abcore.MainActivity$android.widget.CompoundButton$OnCheckedChangeListener1
false,false,false,true,false,com.greenaddress.abcore.MainActivity$RPCResponseReceiver
false,false,false,true,false,com.greenaddress.abcore.PeerActivity$android.view.View$OnClickListener1
false,false,true,false,false,com.greenaddress.abcore.PeerActivity$RPCResponseReceiver
false,false,true,true,false,com.greenaddress.abcore.PowerBroadcastReceiver$RPCResponseReceiver
false,false,false,true,false,com.greenaddress.abcore.ProgressActivity$java.lang.RunnableRPCResponseReceiver
false,false,false,true,false,com.greenaddress.abcore.ProgressActivity$java.util.TimerTaskRPCResponseReceiver
false,false,true,true,false,com.greenaddress.abcore.ProgressActivity$RPCResponseReceiver
true,false,false,false,false,com.greenaddress.abcore.SettingsActivity$CorePreferenceFragment
true,false,false,false,false,com.greenaddress.abcore.SettingsActivity$AndroidPreferenceFragment
true,false,false,false,false,com.greenaddress.abcore.Utils$ABIsUnsupported
true,false,false,false,false,com.greenaddress.abcore.Utils$ValidationFailure
false,false,false,false,true,com.greenaddress.abcore.ProcessLogger$OnError
false,false,false,false,true,com.greenaddress.abcore.Utils$OnDownloadUpdate
false,false,true,false,false,com.jvillalba.apod.classic.activities.ImageActivity$java.lang.Runnable1
false,false,true,false,false,com.jvillalba.apod.classic.activities.ImageActivity$java.lang.Runnable2
false,false,false,true,false,com.jvillalba.apod.classic.activities.ImageActivity$java.lang.Runnable3
false,false,false,true,false,com.jvillalba.apod.classic.activities.ImageActivity$android.view.View$OnClickListener4
false,false,false,true,false,com.jvillalba.apod.classic.activities.ViewActivity$android.view.View$OnClickListener1
false,false,false,true,false,com.jvillalba.apod.classic.adapter.MyAdapter$android.view.View$OnClickListenerViewHolder
false,false,true,true,false,com.jvillalba.apod.classic.adapter.MyAdapter$ViewHolder
false,false,false,true,false,com.jvillalba.apod.classic.controller.NasaController$retrofit2.Callback1
false,false,false,false,true,com.jvillalba.apod.classic.adapter.MyAdapter$OnItemClickListener
false,false,false,true,false,com.markuspage.android.atimetracker.Activities$java.util.TimerTask1
false,false,false,true,false,com.markuspage.android.atimetracker.Activities$android.app.DatePickerDialog$OnDateSetListener2
false,false,false,true,false,com.markuspage.android.atimetracker.Activities$android.app.DatePickerDialog$OnDateSetListener2
false,false,false,true,false,com.markuspage.android.atimetracker.Activities$android.content.DialogInterface$OnClickListener2
false,false,false,true,false,com.markuspage.android.atimetracker.Activities$android.view.View$OnClickListener3
false,false,false,true,false,com.markuspage.android.atimetracker.Activities$android.view.View$OnClickListener4
false,false,false,true,false,com.markuspage.android.atimetracker.Activities$android.content.DialogInterface$OnClickListener5
false,false,true,true,false,com.markuspage.android.atimetracker.Activities$ActivityView
false,false,true,true,false,com.markuspage.android.atimetracker.Activities$ActivityAdapter
false,false,true,true,false,com.markuspage.android.atimetracker.ActivityTimes$TimesAdapter$TimeView
false,false,true,true,false,com.markuspage.android.atimetracker.ActivityTimes$TimesAdapter
false,true,false,false,false,com.markuspage.android.atimetracker.DBBackup$Result
false,true,true,true,false,com.markuspage.android.atimetracker.Report$Day
true,false,false,false,false,com.oF2pks.kalturadeviceinfos.Collector$java.util.Comparator1
false,false,false,true,false,com.oF2pks.kalturadeviceinfos.MainActivity$android.view.View$OnClickListener1
false,false,false,true,false,com.oF2pks.kalturadeviceinfos.MainActivity$android.content.DialogInterface$OnClickListener2
false,false,true,true,false,com.oF2pks.kalturadeviceinfos.MainActivity$CollectorTask
true,false,true,true,false,com.oF2pks.kalturadeviceinfos.MainActivity$ProvisionTask
false,false,true,true,false,de.HS_Aalen.OptikFormelrechner.HSA_Umrechner$InputFilterMinMax
false,false,false,true,false,de.HS_Aalen.OptikFormelrechner.HSA_Umrechner$android.widget.SeekBar$OnSeekBarChangeListener3
false,false,false,true,false,de.HS_Aalen.OptikFormelrechner.HSA_Umrechner$android.widget.SeekBar$OnSeekBarChangeListener4
false,false,false,true,false,de.HS_Aalen.OptikFormelrechner.HSA_Umrechner$android.widget.Button$OnClickListener5
false,false,true,true,false,de.HS_Aalen.OptikFormelrechner.Powervektoren$InputFilterMinMax
false,false,false,true,false,de.HS_Aalen.OptikFormelrechner.Powervektoren$android.widget.Button$OnClickListener2
false,false,false,true,false,de.HS_Aalen.OptikFormelrechner.Powervektoren$android.widget.Button$OnClickListener3
false,false,true,true,false,de.nproth.pin.pinboard.PinboardService$PinboardBinder
false,false,false,true,false,de.nproth.pin.NoteActivity$android.widget.TextView$OnEditorActionListener1
false,false,false,true,false,de.nproth.pin.NoteActivity$android.view.View$OnLongClickListener2
false,false,false,true,false,de.nproth.pin.NoteActivity$de.nproth.pin.RotaryControlView$OnValueChangedListener3
false,false,false,true,false,de.nproth.pin.NoteActivity$android.view.View$OnLongClickListener4
false,false,false,true,false,de.nproth.pin.NoteActivity$java.lang.Runnable5
true,false,false,false,false,de.nproth.pin.NotesProvider$Notes
false,false,false,false,true,de.nproth.pin.RotaryControlView$OnValueChangedListener
false,false,false,true,false,eu.uwot.fabio.altcoinprices.activities.AddCustomCoinActivity$android.view.View$OnClickListener1
false,false,false,true,false,eu.uwot.fabio.altcoinprices.activities.AddCustomCoinActivity$GetCoinDataTask
false,false,false,true,false,eu.uwot.fabio.altcoinprices.activities.AddNewPortfolioItemActivity$android.view.View$OnClickListener3
false,false,false,true,false,eu.uwot.fabio.altcoinprices.activities.AddNewPortfolioItemActivity$java.lang.Thread5
false,false,false,true,false,eu.uwot.fabio.altcoinprices.activities.EditCustomCoinActivity$java.lang.Thread1
false,false,false,true,false,eu.uwot.fabio.altcoinprices.activities.EditCustomCoinActivity$android.view.View$OnClickListener1
false,false,false,true,false,eu.uwot.fabio.altcoinprices.activities.EditCustomCoinActivity$android.view.View$OnClickListener2
false,false,false,true,false,eu.uwot.fabio.altcoinprices.activities.EditPortfolioItemActivity$android.view.View$OnClickListener4
false,false,false,true,false,eu.uwot.fabio.altcoinprices.activities.EditPortfolioItemActivity$android.view.View$OnClickListener5
false,false,false,true,false,eu.uwot.fabio.altcoinprices.activities.EditPortfolioItemActivity$java.lang.Thread6
false,false,false,true,false,eu.uwot.fabio.altcoinprices.activities.LoadingActivity$java.lang.Thread1
false,false,false,true,false,eu.uwot.fabio.altcoinprices.activities.MainActivity$android.view.View$OnClickListener1
false,false,false,true,false,eu.uwot.fabio.altcoinprices.activities.MainActivity$android.view.View$OnClickListener2
false,false,false,true,false,eu.uwot.fabio.altcoinprices.activities.MainActivity$android.view.View$OnClickListener3
false,false,false,true,false,eu.uwot.fabio.altcoinprices.activities.MainActivity$android.widget.AdapterView$OnItemClickListener4
false,false,true,false,false,eu.uwot.fabio.altcoinprices.activities.MainActivity$PortfolioItem
false,false,true,true,false,eu.uwot.fabio.altcoinprices.activities.MainActivity$PortfolioAdapter
false,false,true,false,false,eu.uwot.fabio.altcoinprices.activities.ManageCustomCoinsActivity$CustomCoin
false,false,false,true,false,eu.uwot.fabio.altcoinprices.activities.SettingsActivity$android.view.View$OnClickListener6
false,false,false,true,false,eu.uwot.fabio.altcoinprices.activities.SettingsActivity$android.view.View$OnClickListener7
false,false,false,true,false,eu.uwot.fabio.altcoinprices.activities.SettingsActivity$java.lang.Thread8
false,false,false,true,false,eu.uwot.fabio.altcoinprices.activities.SettingsActivity$android.view.View$OnClickListener8
true,false,true,false,false,afzkl.development.colorpickerview.preference.ColorPickerPreference$SavedState
true,false,true,false,false,com.viewpagerindicator.CirclePageIndicator$SavedState
true,false,true,false,false,com.viewpagerindicator.LinePageIndicator$SavedState
false,false,true,true,false,com.viewpagerindicator.TabPageIndicator$com.viewpagerindicator.OnClickListener1
false,false,true,false,false,com.viewpagerindicator.TabPageIndicator$TabView
false,true,true,true,false,com.viewpagerindicator.TitlePageIndicator$IndicatorStyle
true,false,true,false,false,com.viewpagerindicator.TitlePageIndicator$SavedState
false,false,true,false,false,com.viewpagerindicator.UnderlinePageIndicator$java.lang.Runnable1
true,false,false,true,false,com.viewpagerindicator.UnderlinePageIndicator$com.viewpagerindicator.CreatorSavedState
true,false,true,false,false,com.viewpagerindicator.UnderlinePageIndicator$SavedState
false,false,false,true,false,de.duenndns.ssl.MemorizingTrustManager$java.lang.Runnable1
false,false,true,true,false,de.duenndns.ssl.MemorizingTrustManager$MemorizingHostnameVerifier
false,false,false,true,false,indrora.atomic.activity.AddServerActivity$android.content.DialogInterface$OnClickListener1
false,false,false,true,false,indrora.atomic.activity.AddServerActivity$android.content.DialogInterface$OnClickListener2
false,false,false,true,false,indrora.atomic.activity.AddServerActivity$android.content.DialogInterface$OnClickListener3
false,false,false,true,false,indrora.atomic.activity.AddServerActivity$android.content.DialogInterface$OnClickListener4
false,false,true,true,false,indrora.atomic.activity.ConversationActivity$android.view.View.OnKeyListener1
false,false,false,true,false,indrora.atomic.activity.ConversationActivity$android.widget.EditText$OnClickListener2
false,false,false,true,false,indrora.atomic.activity.ConversationActivity$android.view.View$OnFocusChangeListener3
false,false,false,true,false,indrora.atomic.activity.ConversationActivity$android.view.View$OnTouchListener4
false,false,false,true,false,indrora.atomic.activity.ConversationActivity$java.lang.Thread5
false,false,false,true,false,indrora.atomic.activity.ConversationActivity$android.content.DialogInterface.OnClickListener6
false,false,false,true,false,indrora.atomic.activity.ConversationActivity$android.content.DialogInterface.OnClickListener6
false,false,false,true,false,indrora.atomic.activity.ConversationActivity$android.content.DialogInterface$OnClickListener9
false,false,false,true,false,indrora.atomic.activity.ConversationActivity$android.content.DialogInterface$OnClickListener8
false,false,false,true,false,indrora.atomic.activity.ConversationActivity$android.content.DialogInterface.OnClickListener10
false,false,false,true,false,indrora.atomic.activity.ConversationActivity$java.lang.Runnable11
false,false,false,true,false,indrora.atomic.activity.ServersActivity$android.content.DialogInterface$OnClickListener1
false,false,true,true,false,indrora.atomic.adapter.ConversationPagerAdapter$ConversationInfo
false,false,false,true,false,indrora.atomic.dialog.CommandListView$android.widget.TextView$OnEditorActionListener1
false,true,true,true,false,indrora.atomic.indicator.ConversationTitlePageIndicator$IndicatorStyle
true,false,true,false,false,indrora.atomic.indicator.ConversationTitlePageIndicator$SavedState
false,false,false,true,false,indrora.atomic.irc.IRCConnection$java.lang.Thread2
false,false,true,true,false,indrora.atomic.irc.IRCService$NetworkTransitionHandler
false,false,false,true,false,indrora.atomic.irc.IRCService$java.lang.Runnable1
false,false,false,true,false,indrora.atomic.irc.IRCService$java.lang.Thread1
true,false,false,true,false,indrora.atomic.model.Message$indrora.atomic.model.Creator1
false,true,false,false,false,indrora.atomic.model.Message$MessageColor
false,false,true,false,false,indrora.atomic.FirstRunActivity$HelpTopic
false,false,true,false,false,indrora.atomic.FirstRunActivity$android.text.Html$ImageGetter1
false,false,false,true,false,indrora.atomic.FirstRunActivity$android.view.View$OnClickListener2
false,false,false,true,false,indrora.atomic.FirstRunActivity$android.view.View$OnClickListener3
false,false,false,true,false,indrora.atomic.FirstRunActivity$android.content.DialogInterface$OnClickListener5
false,false,false,true,false,org.jibble.pircbot.DccFileTransfer$java.lang.Thread1
false,false,false,true,false,org.jibble.pircbot.DccFileTransfer$java.lang.Thread2
false,false,false,true,false,org.jibble.pircbot.DccManager$java.lang.Thread1
false,false,false,false,true,afzkl.development.colorpickerview.view.ColorPickerView$OnColorChangedListener
false,false,false,false,true,com.viewpagerindicator.TabPageIndicator$OnTabReselectedListener
false,false,false,false,true,com.viewpagerindicator.TitlePageIndicator$OnCenterItemClickListener
false,false,false,false,true,indrora.atomic.indicator.ConversationTitlePageIndicator$OnCenterItemClickListener
false,false,false,false,true,info.staticfree.android.twentyfourhour.Analog24HClock$DialOverlay
false,false,false,true,false,io.github.lonamiwebs.klooni.actors.MoneyBuyBand$com.badlogic.gdx.scenes.scene2d.utils.ChangeListener1
false,false,false,true,false,io.github.lonamiwebs.klooni.actors.MoneyBuyBand$com.badlogic.gdx.scenes.scene2d.utils.ChangeListener2
false,false,true,true,false,io.github.lonamiwebs.klooni.effects.EvaporateEffectFactory$EvaporateEffect
false,false,true,false,false,io.github.lonamiwebs.klooni.effects.ExplodeEffectFactory$ExplodeEffect$Shard
false,false,true,true,false,io.github.lonamiwebs.klooni.effects.ExplodeEffectFactory$ExplodeEffect
false,false,true,true,false,io.github.lonamiwebs.klooni.effects.SpinEffectFactory$SpinEffect
false,false,true,true,false,io.github.lonamiwebs.klooni.effects.VanishEffectFatory$VanishEffect
false,false,true,true,false,io.github.lonamiwebs.klooni.effects.WaterdropEffectFactory$WaterdropEffect
false,false,true,false,false,io.github.lonamiwebs.klooni.game.PieceHolder$DropResult
false,false,false,true,false,io.github.lonamiwebs.klooni.screens.CustomizeScreen$com.badlogic.gdx.scenes.scene2d.utils.ChangeListener1
false,false,false,true,false,io.github.lonamiwebs.klooni.screens.CustomizeScreen$com.badlogic.gdx.scenes.scene2d.utils.ChangeListener2
false,false,false,true,false,io.github.lonamiwebs.klooni.screens.CustomizeScreen$com.badlogic.gdx.scenes.scene2d.utils.ChangeListener3
false,false,false,true,false,io.github.lonamiwebs.klooni.screens.CustomizeScreen$com.badlogic.gdx.scenes.scene2d.utils.ChangeListener4
false,false,false,true,false,io.github.lonamiwebs.klooni.screens.CustomizeScreen$com.badlogic.gdx.scenes.scene2d.InputListener7
false,false,false,true,false,io.github.lonamiwebs.klooni.screens.MainMenuScreen$com.badlogic.gdx.scenes.scene2d.utils.ChangeListener1
false,false,false,true,false,io.github.lonamiwebs.klooni.screens.MainMenuScreen$com.badlogic.gdx.scenes.scene2d.utils.ChangeListener3
false,false,false,true,false,io.github.lonamiwebs.klooni.screens.MainMenuScreen$com.badlogic.gdx.scenes.scene2d.utils.ChangeListener4
false,false,false,true,false,io.github.lonamiwebs.klooni.screens.PauseMenuStage$com.badlogic.gdx.scenes.scene2d.utils.ChangeListener3
false,false,false,true,false,io.github.lonamiwebs.klooni.screens.PauseMenuStage$com.badlogic.gdx.scenes.scene2d.utils.ChangeListener4
false,false,true,true,false,io.github.lonamiwebs.klooni.screens.PauseMenuStage$com.badlogic.gdx.scenes.scene2d.utils.ChangeListener1
false,false,false,true,false,io.github.lonamiwebs.klooni.screens.PauseMenuStage$com.badlogic.gdx.scenes.scene2d.utils.ChangeListener2
false,false,false,true,false,io.github.lonamiwebs.klooni.screens.PauseMenuStage$com.badlogic.gdx.scenes.scene2d.utils.ChangeListener7
false,false,false,true,false,io.github.lonamiwebs.klooni.AndroidShareChallenge$java.lang.Runnable1
false,false,true,true,false,com.lzx.lock.activities.lock.GestureCreateActivity$java.lang.Runnable1
false,false,false,true,false,com.lzx.lock.activities.lock.GestureCreateActivity$com.lzx.lock.widget.LockPatternViewPattern$onPatternListener2
false,false,true,true,false,com.lzx.lock.activities.lock.GestureSelfUnlockActivity$java.lang.Runnable1
false,false,false,true,false,com.lzx.lock.activities.lock.GestureSelfUnlockActivity$com.lzx.lock.widget.LockPatternViewPattern$onPatternListener2
false,false,true,true,false,com.lzx.lock.activities.lock.GestureUnlockActivity$java.lang.Runnable1
false,false,false,true,false,com.lzx.lock.activities.lock.GestureUnlockActivity$com.lzx.lock.widget.LockPatternViewPattern$onPatternListener3
false,false,false,true,false,com.lzx.lock.activities.main.MainActivity$android.content.DialogInterface$OnDismissListener1
false,false,true,false,false,com.lzx.lock.activities.main.MainActivity$CommentPagerAdapter
false,false,false,true,false,com.lzx.lock.activities.main.SplashActivity$android.animation.AnimatorListenerAdapter1
false,false,true,true,false,com.lzx.lock.activities.pwd.CreatePwdActivity$java.lang.Runnable1
false,false,false,true,false,com.lzx.lock.activities.pwd.CreatePwdActivity$com.lzx.lock.widget.LockPatternViewPattern$onPatternListener2
false,false,true,true,false,com.lzx.lock.activities.setting.LockSettingActivity$LockSettingReceiver
false,false,false,true,false,com.lzx.lock.adapters.MainAdapter$android.view.View$OnClickListener1
false,false,true,false,false,com.lzx.lock.adapters.MainAdapter$MainViewHolder
false,false,false,true,false,com.lzx.lock.adapters.SelectTimeAdapter$android.view.View$OnClickListener1
false,false,true,false,false,com.lzx.lock.adapters.SelectTimeAdapter$ViewHolder
false,false,false,true,false,com.lzx.lock.db.CommLockInfoManager$java.util.Comparator1
false,false,true,true,false,com.lzx.lock.mvp.p.LockMainPresenter$LoadAppInfo
false,false,true,true,false,com.lzx.lock.mvp.p.LockMainPresenter$SearchInfoAsyncTask
false,false,true,true,false,com.lzx.lock.mvp.p.MainPresenter$LoadAppInfoAsyncTask
false,false,true,true,false,com.lzx.lock.mvp.p.MainPresenter$LoadLockAsyncTask
false,false,true,true,false,com.lzx.lock.services.LockService$ServiceReceiver
true,false,false,false,false,com.lzx.lock.utils.LockPatternUtils$LockPatternFileObserver
false,false,false,true,false,com.lzx.lock.widget.BaseDialog$android.animation.Animator$AnimatorListener1
false,false,false,true,false,com.lzx.lock.widget.BaseDialog$android.animation.Animator$AnimatorListener2
false,false,false,true,false,com.lzx.lock.widget.DialogPermission$android.view.View$OnClickListener1
false,false,false,true,false,com.lzx.lock.widget.DialogSearch$com.lzx.lock.mvp.p.LockMainPresenter$ISearchResultListener1
false,false,false,true,false,com.lzx.lock.widget.DialogSearch$android.text.TextWatcher1
false,false,false,true,false,com.lzx.lock.widget.DialogSearch$android.view.View$OnClickListener2
true,false,true,false,false,com.lzx.lock.widget.LockPatternView$Cell
false,true,false,false,false,com.lzx.lock.widget.LockPatternView$DisplayMode
true,false,false,true,false,com.lzx.lock.widget.LockPatternView$com.lzx.lock.widget.CreatorSavedState
true,false,true,false,false,com.lzx.lock.widget.LockPatternView$SavedState
false,false,true,true,false,com.lzx.lock.widget.LockPatternViewPattern$java.lang.Runnable1
false,false,true,false,false,io.github.subhamtyagi.crashreporter.adapter.CrashLogAdapter$CrashLogViewHolder
false,false,false,true,false,io.github.subhamtyagi.crashreporter.ui.CrashReporterActivity$java.lang.Runnable1
false,false,false,true,false,io.github.subhamtyagi.crashreporter.ui.CrashReporterActivity$java.lang.Runnable1
false,false,false,true,false,io.github.subhamtyagi.crashreporter.ui.CrashReporterActivity$io.github.subhamtyagi.crashreporter.utils.SimplePageChangeListener2
false,false,false,false,true,com.lzx.lock.activities.fingerprint.FingerprintHandler$Callback
false,false,false,false,true,com.lzx.lock.adapters.SelectTimeAdapter$OnItemClickListener
false,false,false,false,true,com.lzx.lock.mvp.contract.GestureCreateContract$View
false,false,false,false,true,com.lzx.lock.mvp.contract.GestureCreateContract$Presenter
false,false,false,false,true,com.lzx.lock.mvp.contract.LockMainContract$View
false,false,false,false,true,com.lzx.lock.mvp.contract.LockMainContract$Presenter
false,false,false,false,true,com.lzx.lock.mvp.contract.MainContract$View
false,false,false,false,true,com.lzx.lock.mvp.contract.MainContract$Presenter
false,false,false,false,true,com.lzx.lock.mvp.p.LockMainPresenter$ISearchResultListener
false,false,false,false,true,com.lzx.lock.widget.DialogPermission$onClickListener
false,false,false,false,true,com.lzx.lock.widget.LockPatternView$OnPatternListener
false,false,false,false,true,com.lzx.lock.widget.LockPatternViewPattern$onPatternListener
true,false,false,false,false,nerd.tuxmobil.fahrplan.congress.AlarmCursorAdapter$ViewHolder
false,false,false,true,false,nerd.tuxmobil.fahrplan.congress.AlarmTimePickerFragment$android.content.DialogInterface$OnClickListener1
false,false,false,true,false,nerd.tuxmobil.fahrplan.congress.CertificateDialogFragment$android.content.DialogInterface$OnClickListener1
false,false,false,true,false,nerd.tuxmobil.fahrplan.congress.ChangesDialog$android.content.DialogInterface$OnClickListener2
false,false,false,true,false,nerd.tuxmobil.fahrplan.congress.ChangesDialog$android.content.DialogInterface$OnClickListener1
false,false,false,true,false,nerd.tuxmobil.fahrplan.congress.ConfirmationDialog$android.content.DialogInterface$OnClickListener2
false,false,false,true,false,nerd.tuxmobil.fahrplan.congress.ConfirmationDialog$android.content.DialogInterface$OnClickListener1
false,true,false,false,false,nerd.tuxmobil.fahrplan.congress.CustomHttpClient$HTTP_STATUS
false,false,false,true,false,nerd.tuxmobil.fahrplan.congress.FahrplanFragment$java.lang.Runnable4
false,false,true,true,false,nerd.tuxmobil.fahrplan.congress.HorizontalSnapScrollView$YScrollDetector
false,false,false,true,false,nerd.tuxmobil.fahrplan.congress.HorizontalSnapScrollView$android.view.View$OnTouchListener2
true,false,false,false,false,nerd.tuxmobil.fahrplan.congress.LectureArrayAdapter$ViewHolder
true,false,false,false,false,nerd.tuxmobil.fahrplan.congress.LectureArrayAdapter$ViewHolderSeperator
true,false,false,false,false,nerd.tuxmobil.fahrplan.congress.LectureChangesArrayAdapter$ViewHolder
true,false,false,false,false,nerd.tuxmobil.fahrplan.congress.LectureChangesArrayAdapter$ViewHolderSeperator
false,true,false,false,false,nerd.tuxmobil.fahrplan.congress.MyApp$TASKS
true,false,false,false,false,nerd.tuxmobil.fahrplan.congress.RoomForC3NavConverter$java.util.HashMap1
false,false,false,true,false,nerd.tuxmobil.fahrplan.congress.SettingsActivity$android.preference.Preference$OnPreferenceChangeListenerSettingsFragment
true,false,false,true,false,nerd.tuxmobil.fahrplan.congress.SettingsActivity$SettingsFragment
true,false,false,false,false,nerd.tuxmobil.fahrplan.congress.TrustManagerFactory$SimpleX509TrustManager
true,false,true,true,false,nerd.tuxmobil.fahrplan.congress.TrustManagerFactory$SecureX509TrustManager
false,false,false,false,true,nerd.tuxmobil.fahrplan.congress.AbstractListFragment$OnLectureListClick
false,false,false,false,true,nerd.tuxmobil.fahrplan.congress.ConfirmationDialog$OnConfirmationDialogClicked
false,false,false,false,true,nerd.tuxmobil.fahrplan.congress.FahrplanContract$FragmentTags
false,false,false,false,true,nerd.tuxmobil.fahrplan.congress.FahrplanContract$MetasTable$Columns
false,false,false,false,true,nerd.tuxmobil.fahrplan.congress.FahrplanContract$MetasTable$Defaults
false,false,false,false,true,nerd.tuxmobil.fahrplan.congress.FahrplanContract$MetasTable
false,false,false,false,true,nerd.tuxmobil.fahrplan.congress.FahrplanContract$AlarmsTable$Columns
false,false,false,false,true,nerd.tuxmobil.fahrplan.congress.FahrplanContract$AlarmsTable$Defaults
false,false,false,false,true,nerd.tuxmobil.fahrplan.congress.FahrplanContract$AlarmsTable
false,false,false,false,true,nerd.tuxmobil.fahrplan.congress.FahrplanContract$HighlightsTable$Columns
false,false,false,false,true,nerd.tuxmobil.fahrplan.congress.FahrplanContract$HighlightsTable$Values
false,false,false,false,true,nerd.tuxmobil.fahrplan.congress.FahrplanContract$HighlightsTable
false,false,false,false,true,nerd.tuxmobil.fahrplan.congress.FahrplanContract$LecturesTable$Columns
false,false,false,false,true,nerd.tuxmobil.fahrplan.congress.FahrplanContract$LecturesTable$Defaults
false,false,false,false,true,nerd.tuxmobil.fahrplan.congress.FahrplanContract$LecturesTable$Values
false,false,false,false,true,nerd.tuxmobil.fahrplan.congress.FahrplanContract$LecturesTable
false,true,true,false,false,org.billthefarmer.accordion.MainActivity$KeyType
false,false,false,true,false,org.droidtr.deletegapps.MainActivity$org.droidtr.deletegapps.AsyncTask1
false,false,false,true,false,org.droidtr.deletegapps.MainActivity$org.droidtr.deletegapps.OnClickListener2
false,false,false,true,false,org.droidtr.deletegapps.MainActivity$org.droidtr.deletegapps.OnClickListener3
false,false,false,true,false,org.droidtr.deletegapps.MainActivity$org.droidtr.deletegapps.OnClickListener4
false,false,false,true,false,org.droidtr.deletegapps.MainActivity$org.droidtr.deletegapps.OnClickListener5
false,false,false,true,false,org.droidtr.deletegapps.MainActivity$org.droidtr.deletegapps.OnClickListener6
false,false,false,true,false,org.droidtr.deletegapps.MainActivity$org.droidtr.deletegapps.OnClickListener7
false,false,false,true,false,org.droidtr.deletegapps.MainActivity$org.droidtr.deletegapps.OnClickListener8
false,false,false,true,false,org.droidtr.deletegapps.MainActivity$org.droidtr.deletegapps.OnClickListener9
false,false,false,true,false,org.droidtr.deletegapps.MainActivity$org.droidtr.deletegapps.OnClickListener10
false,false,false,true,false,org.droidtr.deletegapps.MainActivity$org.droidtr.deletegapps.OnClickListener11
false,false,false,true,false,org.droidtr.deletegapps.MainActivity$org.droidtr.deletegapps.OnClickListener12
false,false,false,true,false,org.droidtr.deletegapps.MainActivity$org.droidtr.deletegapps.OnClickListener13
false,false,false,true,false,org.droidtr.deletegapps.MainActivity$org.droidtr.deletegapps.OnClickListener14
false,false,false,true,false,org.droidtr.deletegapps.MainActivity$org.droidtr.deletegapps.OnClickListener15
false,false,false,true,false,org.droidtr.deletegapps.MainActivity$org.droidtr.deletegapps.OnClickListener16
false,false,false,true,false,org.droidtr.deletegapps.MainActivity$org.droidtr.deletegapps.OnClickListener17
false,false,false,true,false,org.droidtr.deletegapps.MainActivity$org.droidtr.deletegapps.OnClickListener18
false,false,false,true,false,org.droidtr.deletegapps.MainActivity$org.droidtr.deletegapps.OnClickListener19
false,false,false,true,false,org.droidtr.deletegapps.MainActivity$org.droidtr.deletegapps.OnClickListener20
false,false,false,true,false,org.droidtr.deletegapps.MainActivity$org.droidtr.deletegapps.OnClickListener21
false,false,false,true,false,org.droidtr.deletegapps.MainActivity$org.droidtr.deletegapps.OnClickListener23
false,false,false,true,false,org.secuso.privacyfriendly2048.activities.helper.BaseActivity$java.lang.Runnable1
false,false,false,true,false,org.secuso.privacyfriendly2048.activities.helper.Gestures$GestureListener
false,false,false,true,false,org.secuso.privacyfriendly2048.activities.GameActivity$android.view.View$OnClickListener1
false,false,false,true,false,org.secuso.privacyfriendly2048.activities.GameActivity$android.view.View$OnClickListener2
false,false,false,true,false,org.secuso.privacyfriendly2048.activities.GameActivity$org.secuso.privacyfriendly2048.activities.helper.Gestures3
false,false,false,true,false,org.secuso.privacyfriendly2048.activities.GameActivity$android.content.DialogInterface$OnClickListener5
false,false,true,true,false,org.secuso.privacyfriendly2048.activities.GameActivity$MovingListener
false,false,true,false,false,org.secuso.privacyfriendly2048.activities.GameActivity$ScalingListener
false,false,false,true,false,org.secuso.privacyfriendly2048.activities.GameActivity$android.content.DialogInterface$OnClickListener7
false,false,false,true,false,org.secuso.privacyfriendly2048.activities.GameActivity$android.content.DialogInterface$OnClickListener6
false,false,false,true,false,org.secuso.privacyfriendly2048.activities.MainActivity$android.view.View$OnClickListener2
false,false,false,true,false,org.secuso.privacyfriendly2048.activities.MainActivity$android.view.View$OnClickListener3
false,false,false,true,false,org.secuso.privacyfriendly2048.activities.MainActivity$android.view.View$OnClickListener4
false,false,false,true,false,org.secuso.privacyfriendly2048.activities.MainActivity$android.view.View$OnClickListener5
false,false,true,true,false,org.secuso.privacyfriendly2048.activities.MainActivity$android.support.v4.view.ViewPager$OnPageChangeListener1
false,false,true,false,false,org.secuso.privacyfriendly2048.activities.MainActivity$MyViewPagerAdapter
true,false,false,false,false,org.secuso.privacyfriendly2048.activities.SettingsActivity$android.preference.Preference$OnPreferenceChangeListener1
true,false,false,false,false,org.secuso.privacyfriendly2048.activities.SettingsActivity$GeneralPreferenceFragment
false,false,true,true,false,org.secuso.privacyfriendly2048.activities.StatsActivity$MyViewPagerAdapter
false,false,false,true,false,org.secuso.privacyfriendly2048.activities.TutorialActivity$android.view.View$OnClickListener2
false,false,false,true,false,org.secuso.privacyfriendly2048.activities.TutorialActivity$android.view.View$OnClickListener3
false,false,true,true,false,org.secuso.privacyfriendly2048.activities.TutorialActivity$android.support.v4.view.ViewPager$OnPageChangeListener1
false,false,true,false,false,org.secuso.privacyfriendly2048.activities.TutorialActivity$MyViewPagerAdapter
false,false,false,true,false,us.achromaticmetaphor.agram.AnagramActivity$android.os.AsyncTask1
false,false,false,true,false,us.achromaticmetaphor.agram.AnagramActivity$android.content.DialogInterface$OnClickListener2
false,false,false,true,false,us.achromaticmetaphor.agram.AnagramActivity$android.content.DialogInterface$OnClickListener3
false,false,false,true,false,us.achromaticmetaphor.agram.AnagramActivity$android.os.AsyncTaskScrollFiller
true,false,true,true,false,us.achromaticmetaphor.agram.AnagramActivity$ScrollFiller
true,false,false,false,false,us.achromaticmetaphor.agram.AnagramActivity$MonoAdapter
false,false,false,true,false,us.achromaticmetaphor.agram.FileBrowser$android.widget.AdapterView$OnItemClickListener1
false,false,false,true,false,us.achromaticmetaphor.agram.MainActivity$android.widget.AdapterView$OnItemClickListener1
false,false,false,true,false,us.achromaticmetaphor.agram.MainActivity$us.achromaticmetaphor.agram.Wordlist$OnCompleteListener2
false,false,false,true,false,us.achromaticmetaphor.agram.MainActivity$android.content.DialogInterface$OnClickListener4
false,false,false,true,false,us.achromaticmetaphor.agram.MainActivity$android.content.DialogInterface$OnClickListener6
false,false,false,true,false,us.achromaticmetaphor.agram.Wordlist$android.os.AsyncTask1
false,false,false,false,true,us.achromaticmetaphor.agram.Wordlist$OnCompleteListener
false,false,false,true,false,ca.mimic.apphangar.AppsWidgetSettings$android.view.View$OnClickListenerStatsWidgetFragment
false,false,true,true,false,ca.mimic.apphangar.AppsWidgetSettings$android.preference.Preference$OnPreferenceChangeListenerStatsWidgetFragment
true,false,true,true,false,ca.mimic.apphangar.AppsWidgetSettings$StatsWidgetFragment
false,false,false,true,false,ca.mimic.apphangar.Donate$android.view.View$OnClickListener3
false,false,false,true,false,ca.mimic.apphangar.IconPackHelper$android.content.DialogInterface$OnClickListener1
true,false,true,false,false,ca.mimic.apphangar.IconPackHelper$IconPackInfo
true,false,true,true,false,ca.mimic.apphangar.IconPackHelper$IconAdapter
true,false,false,true,false,ca.mimic.apphangar.Instructions$PlaceholderFragment
false,false,false,true,false,ca.mimic.apphangar.Settings$android.content.DialogInterface$OnClickListener6
false,false,false,true,false,ca.mimic.apphangar.Settings$android.app.AlertDialog$OnDismissListener9
false,false,false,true,false,ca.mimic.apphangar.Settings$android.content.ServiceConnection1
true,false,true,false,false,ca.mimic.apphangar.Settings$ServiceCall
false,false,false,true,false,ca.mimic.apphangar.Settings$java.lang.RunnableIconPackUpdate
true,false,true,true,false,ca.mimic.apphangar.Settings$IconPackUpdate
false,false,false,true,false,ca.mimic.apphangar.Settings$java.lang.Runnable10
true,false,true,false,false,ca.mimic.apphangar.Settings$PrefsGet
true,false,false,false,false,ca.mimic.apphangar.Settings$GetFragments
false,false,false,true,false,ca.mimic.apphangar.Settings$android.content.DialogInterface$OnClickListenerPrefsFragment
false,false,false,true,false,ca.mimic.apphangar.Settings$android.content.DialogInterface$OnClickListenerPrefsFragment
false,false,true,true,false,ca.mimic.apphangar.Settings$android.preference.Preference$OnPreferenceChangeListenerPrefsFragment
true,false,true,true,false,ca.mimic.apphangar.Settings$PrefsFragment
false,false,false,true,false,ca.mimic.apphangar.Settings$android.widget.AdapterView$OnItemSelectedListenerAppsFragment
false,false,false,true,false,ca.mimic.apphangar.Settings$android.view.animation.Animation$AnimationListenerAppsFragment
false,false,false,true,false,ca.mimic.apphangar.Settings$java.lang.RunnableAppsFragment
false,false,false,true,false,ca.mimic.apphangar.Settings$android.widget.PopupMenu$OnMenuItemClickListenerAppsFragment
true,false,true,true,false,ca.mimic.apphangar.Settings$AppsFragment
true,false,false,false,false,ca.mimic.apphangar.Settings$SectionsPagerAdapter
false,false,false,true,false,ca.mimic.apphangar.StatsWidgetSettings$android.view.View$OnClickListenerStatsWidgetFragment
false,false,true,true,false,ca.mimic.apphangar.StatsWidgetSettings$android.preference.Preference$OnPreferenceChangeListenerStatsWidgetFragment
true,false,true,true,false,ca.mimic.apphangar.StatsWidgetSettings$StatsWidgetFragment
true,false,true,false,false,ca.mimic.apphangar.Tools$TaskInfoOrder
true,false,true,false,false,ca.mimic.apphangar.Tools$TaskInfo
true,false,true,false,false,ca.mimic.apphangar.Tools$LollipopTaskInfo
true,false,true,true,false,ca.mimic.apphangar.Tools$AppRowComparator
true,false,true,true,false,ca.mimic.apphangar.Tools$TasksModelComparator
true,false,true,false,false,ca.mimic.apphangar.Tools$UsageStatsComparator
true,false,true,false,false,ca.mimic.apphangar.Tools$TaskComparator
false,false,false,true,false,ca.mimic.apphangar.WatchfulService$ca.mimic.apphangar.IWatchfulService$Stub3
false,false,false,true,false,ca.mimic.apphangar.WatchfulService$java.lang.Runnable4
false,false,true,true,false,ca.mimic.apphangar.WatchfulService$java.lang.Runnable1
false,false,true,false,false,ca.mimic.apphangar.WatchfulService$android.content.BroadcastReceiver2
true,false,true,false,false,com.viewpagerindicator.CirclePageIndicator$SavedState
false,false,false,true,false,net.margaritov.preference.colorpicker.ColorPickerDialog$android.content.ComponentCallbacks1
false,false,false,true,false,net.margaritov.preference.colorpicker.ColorPickerDialog$android.widget.TextView$OnEditorActionListener2
true,false,true,false,false,net.margaritov.preference.colorpicker.ColorPickerPreference$SavedState
false,false,false,false,true,net.margaritov.preference.colorpicker.ColorPickerDialog$OnColorChangedListener
false,false,false,false,true,net.margaritov.preference.colorpicker.ColorPickerView$OnColorChangedListener
false,false,false,true,false,com.anddevw.getchromium.GetChromium$android.view.View$OnClickListener1
false,false,false,true,false,com.anddevw.getchromium.GetChromium$android.view.View$OnClickListener2
false,false,false,true,false,com.anddevw.getchromium.GetChromium$android.view.View$OnClickListener3
false,false,false,true,false,com.anddevw.getchromium.GetChromium$DownloadTask
false,false,true,true,false,com.github.axet.callrecorder.activities.MainActivity$android.content.BroadcastReceiver1
false,false,false,true,false,com.github.axet.callrecorder.activities.MainActivity$android.widget.CompoundButton$OnCheckedChangeListener5
false,false,false,true,false,com.github.axet.callrecorder.activities.MainActivity$android.content.DialogInterface$OnShowListener5
false,false,false,true,false,com.github.axet.callrecorder.activities.MainActivity$java.lang.Runnable13
false,false,false,true,false,com.github.axet.callrecorder.activities.RecentCallActivity$java.lang.Runnable1
false,false,false,true,false,com.github.axet.callrecorder.activities.RecentCallActivity$android.view.View$OnClickListener2
false,false,false,true,false,com.github.axet.callrecorder.activities.RecentCallActivity$android.content.DialogInterface$OnClickListener5
false,false,false,true,false,com.github.axet.callrecorder.activities.RecentCallActivity$android.content.DialogInterface$OnDismissListener3
false,false,false,true,false,com.github.axet.callrecorder.activities.RecentCallActivity$android.view.View$OnClickListener6
false,false,false,true,false,com.github.axet.callrecorder.activities.RecentCallActivity$android.support.v7.view.WindowCallbackWrapper6
false,false,false,true,false,com.github.axet.callrecorder.activities.RecentCallActivity$android.content.DialogInterface$OnShowListener6
false,false,false,true,false,com.github.axet.callrecorder.activities.RecentCallActivity$android.content.DialogInterface$OnClickListener7
false,false,false,true,false,com.github.axet.callrecorder.activities.SettingsActivity$android.support.v7.preference.Preference$OnPreferenceChangeListenerGeneralPreferenceFragment
true,false,false,true,false,com.github.axet.callrecorder.activities.SettingsActivity$GeneralPreferenceFragment
false,false,false,true,false,com.github.axet.callrecorder.app.Recordings$android.view.View$OnClickListener1
false,false,false,true,false,com.github.axet.callrecorder.app.Recordings$android.view.View$OnClickListener2
false,false,false,true,false,com.github.axet.callrecorder.app.Recordings$android.view.View$OnClickListener3
false,true,false,false,false,com.github.axet.callrecorder.app.SurveysReader$Status
false,false,false,true,false,com.github.axet.callrecorder.services.RecordingService$java.lang.Runnable1
true,false,false,false,false,com.github.axet.callrecorder.services.RecordingService$MediaRecorderThread
true,false,true,false,false,com.github.axet.callrecorder.services.RecordingService$CallInfo
false,false,false,true,false,com.github.axet.callrecorder.services.RecordingService$RecordingReceiver
false,false,true,true,false,com.github.axet.callrecorder.services.RecordingService$PhoneStateReceiver
false,false,true,true,false,com.github.axet.callrecorder.services.RecordingService$PhoneStateChangeListener
false,false,false,true,false,com.github.axet.callrecorder.services.RecordingService$java.lang.Runnable3
false,false,false,true,false,com.github.axet.callrecorder.services.RecordingService$java.lang.Runnable3
false,false,false,true,false,com.github.axet.callrecorder.services.RecordingService$java.lang.Thread3
false,false,false,true,false,com.github.axet.callrecorder.services.RecordingService$android.media.MediaRecorder$OnErrorListener4
false,false,false,true,false,com.github.axet.callrecorder.services.RecordingService$java.lang.Runnable5
false,false,false,true,false,com.github.axet.callrecorder.services.RecordingService$java.lang.Runnable5
false,false,false,true,false,com.github.axet.callrecorder.services.RecordingService$com.github.axet.callrecorder.services.RecordingService$MediaRecorderThread5
false,false,false,true,false,com.github.axet.callrecorder.services.RecordingService$java.lang.Runnable6
false,false,false,true,false,com.github.axet.callrecorder.services.RecordingService$java.lang.Runnable9
false,false,false,true,false,com.github.axet.callrecorder.services.RecordingService$java.lang.Runnable10
false,false,false,true,false,com.github.axet.callrecorder.services.RecordingService$java.lang.Runnable11
false,false,false,true,false,com.github.axet.callrecorder.services.RecordingService$com.github.axet.callrecorder.services.RecordingService$Success12
false,false,false,true,false,com.github.axet.callrecorder.services.TileService$android.content.SharedPreferences$OnSharedPreferenceChangeListener1
false,false,false,false,true,com.github.axet.callrecorder.services.RecordingService$Success
false,false,true,false,false,com.github.axet.filemanager.activities.FullscreenActivity$java.lang.Runnable1
false,false,true,true,false,com.github.axet.filemanager.activities.FullscreenActivity$PagerAdapter
false,false,false,true,false,com.github.axet.filemanager.activities.FullscreenActivity$com.github.axet.androidlibrary.widgets.PinchGesture2
false,false,false,true,false,com.github.axet.filemanager.activities.FullscreenActivity$android.view.GestureDetector$OnGestureListener4
false,false,false,true,false,com.github.axet.filemanager.activities.FullscreenActivity$android.view.View$OnTouchListener5
false,false,false,true,false,com.github.axet.filemanager.activities.FullscreenActivity$android.support.v4.view.ViewPager$OnPageChangeListener6
false,false,false,true,false,com.github.axet.filemanager.activities.FullscreenActivity$java.lang.Runnable9
false,false,false,true,false,com.github.axet.filemanager.activities.MainActivity$java.lang.Runnable1
false,false,true,false,false,com.github.axet.filemanager.activities.MainActivity$android.content.BroadcastReceiver2
true,false,true,true,false,com.github.axet.filemanager.activities.MainActivity$FilesTabView
false,false,true,true,false,com.github.axet.filemanager.activities.MainActivity$SectionsPagerAdapter
false,false,false,true,false,com.github.axet.filemanager.activities.MainActivity$com.github.axet.filemanager.fragments.FilesFragment$PendingOperationEmptyTrashBuilder
false,false,false,true,false,com.github.axet.filemanager.activities.MainActivity$android.view.View$OnClickListenerEmptyTrashBuilder
false,false,false,true,false,com.github.axet.filemanager.activities.MainActivity$android.view.View$OnClickListenerEmptyTrashBuilder
false,false,false,true,false,com.github.axet.filemanager.activities.MainActivity$android.content.DialogInterface$OnDismissListenerEmptyTrashBuilder
true,false,false,true,false,com.github.axet.filemanager.activities.MainActivity$EmptyTrashBuilder
false,false,false,true,false,com.github.axet.filemanager.activities.MainActivity$android.content.DialogInterface$OnClickListener3
false,false,false,true,false,com.github.axet.filemanager.activities.MainActivity$android.view.View$OnClickListener3
false,false,false,true,false,com.github.axet.filemanager.activities.MainActivity$android.content.DialogInterface$OnClickListener4
false,false,false,true,false,com.github.axet.filemanager.activities.MainActivity$android.view.View$OnClickListener4
false,false,false,true,false,com.github.axet.filemanager.activities.MainActivity$android.support.v4.view.ViewPager$OnPageChangeListener5
false,false,false,true,false,com.github.axet.filemanager.activities.MainActivity$android.support.v7.widget.SearchView.OnQueryTextListener6
false,false,false,true,false,com.github.axet.filemanager.activities.MainActivity$com.github.axet.androidlibrary.widgets.SearchView$OnCloseButtonListener7
false,false,false,true,false,com.github.axet.filemanager.activities.MainActivity$com.github.axet.androidlibrary.widgets.SearchView$OnCollapsedListener8
false,false,false,true,false,com.github.axet.filemanager.activities.MainActivity$com.github.axet.androidlibrary.widgets.OpenFileDialog$FileAdapter10
false,false,false,true,false,com.github.axet.filemanager.activities.MainActivity$com.github.axet.androidlibrary.widgets.OpenChoicer10
false,false,false,true,false,com.github.axet.filemanager.activities.MainActivity$com.github.axet.androidlibrary.widgets.OpenChoicer11
false,false,false,true,false,com.github.axet.filemanager.activities.MainActivity$android.support.v7.widget.PopupMenu$OnMenuItemClickListener12
false,false,false,true,false,com.github.axet.filemanager.activities.MainActivity$android.content.DialogInterface$OnClickListener13
false,false,false,true,false,com.github.axet.filemanager.activities.MainActivity$android.view.View$OnClickListener13
false,false,false,true,false,com.github.axet.filemanager.activities.MainActivity$android.content.DialogInterface$OnClickListener14
false,false,false,true,false,com.github.axet.filemanager.activities.MainActivity$android.view.View$OnClickListener14
true,false,false,false,false,com.github.axet.filemanager.activities.SettingsActivity$GeneralPreferenceFragment
false,false,false,true,false,com.github.axet.filemanager.app.FilesApplication$Bookmarks
false,false,true,true,false,com.github.axet.filemanager.app.FilesApplication$Parents
true,false,true,false,false,com.github.axet.filemanager.app.MountInfo$Info
true,false,false,false,false,com.github.axet.filemanager.app.MountInfo$LongFirst
true,false,true,true,false,com.github.axet.filemanager.app.RarSu$SuFile
true,false,false,true,false,com.github.axet.filemanager.app.Storage$Nodes
true,false,true,false,false,com.github.axet.filemanager.app.Storage$SymlinkNode
true,false,true,true,false,com.github.axet.filemanager.app.Storage$VirtualFile
true,false,false,false,false,com.github.axet.filemanager.app.Storage$ArchiveNode
true,false,true,true,false,com.github.axet.filemanager.app.Storage$ZipNode
true,false,true,true,false,com.github.axet.filemanager.app.Storage$RarNode
false,false,true,true,false,com.github.axet.filemanager.app.Storage$ArchiveReader
false,false,false,true,false,com.github.axet.filemanager.app.Storage$ZipReader
false,false,false,true,false,com.github.axet.filemanager.app.Storage$RarReader
true,false,true,false,false,com.github.axet.filemanager.app.Storage$UriOutputStream
true,false,false,true,false,com.github.axet.filemanager.app.SuperUser$Directory
true,false,true,true,false,com.github.axet.filemanager.app.SuperUser$SuIO
true,false,true,true,false,com.github.axet.filemanager.app.SuperUser$RandomAccessFile
true,false,true,true,false,com.github.axet.filemanager.app.SuperUser$FileInputStream
true,false,true,true,false,com.github.axet.filemanager.app.SuperUser$FileOutputStream
true,false,true,true,false,com.github.axet.filemanager.app.SuperUser$DF
true,false,true,true,false,com.github.axet.filemanager.app.ZipSu$SuFile
false,false,true,true,false,com.github.axet.filemanager.fragments.FilesFragment$android.content.BroadcastReceiver2
false,false,false,true,false,com.github.axet.filemanager.fragments.FilesFragment$android.content.DialogInterface$OnClickListener3
false,false,false,true,false,com.github.axet.filemanager.fragments.FilesFragment$android.view.View$OnClickListener6
false,false,false,true,false,com.github.axet.filemanager.fragments.FilesFragment$android.view.View$OnClickListener7
false,false,false,true,false,com.github.axet.filemanager.fragments.FilesFragment$android.view.View$OnClickListener8
false,false,false,true,false,com.github.axet.filemanager.fragments.FilesFragment$android.view.View$OnClickListener9
false,false,false,true,false,com.github.axet.filemanager.fragments.FilesFragment$android.content.DialogInterface$OnClickListener10
false,false,false,true,false,com.github.axet.filemanager.fragments.FilesFragment$android.view.View$OnClickListener11
false,false,false,true,false,com.github.axet.filemanager.fragments.FilesFragment$android.view.View$OnClickListener12
false,false,false,true,false,com.github.axet.filemanager.fragments.FilesFragment$android.view.View$OnClickListener13
false,false,false,true,false,com.github.axet.filemanager.fragments.FilesFragment$android.view.View$OnClickListener14
true,false,false,false,false,com.github.axet.filemanager.fragments.FilesFragment$Pos
true,false,false,true,false,com.github.axet.filemanager.fragments.FilesFragment$Specials
false,true,false,false,false,com.github.axet.filemanager.fragments.FilesFragment$PendingOperation$OPERATION
true,false,true,true,false,com.github.axet.filemanager.fragments.FilesFragment$PendingOperation
false,false,false,true,false,com.github.axet.filemanager.fragments.FilesFragment$android.view.View$OnClickListenerOperationBuilder
true,false,true,false,false,com.github.axet.filemanager.fragments.FilesFragment$OperationBuilder
false,false,false,true,false,com.github.axet.filemanager.fragments.FilesFragment$com.github.axet.filemanager.fragments.FilesFragment$PendingOperationDeleteBuilder
false,false,false,true,false,com.github.axet.filemanager.fragments.FilesFragment$android.view.View$OnClickListenerDeleteBuilder
false,false,false,true,false,com.github.axet.filemanager.fragments.FilesFragment$android.view.View$OnClickListenerDeleteBuilder
false,false,false,true,false,com.github.axet.filemanager.fragments.FilesFragment$android.content.DialogInterface$OnDismissListenerDeleteBuilder
true,false,true,true,false,com.github.axet.filemanager.fragments.FilesFragment$DeleteBuilder
false,false,false,true,false,com.github.axet.filemanager.fragments.FilesFragment$java.lang.ThreadPasteBuilder
false,false,false,true,false,com.github.axet.filemanager.fragments.FilesFragment$com.github.axet.filemanager.fragments.FilesFragment$PendingOperationPasteBuilder
false,false,false,true,false,com.github.axet.filemanager.fragments.FilesFragment$android.view.View$OnClickListenerPasteBuilder
false,false,false,true,false,com.github.axet.filemanager.fragments.FilesFragment$android.view.View$OnClickListenerPasteBuilder
false,false,false,true,false,com.github.axet.filemanager.fragments.FilesFragment$android.content.DialogInterface$OnDismissListenerPasteBuilder
true,false,true,true,false,com.github.axet.filemanager.fragments.FilesFragment$PasteBuilder
true,false,true,true,false,com.github.axet.filemanager.fragments.FilesFragment$RecycleBuilder
true,false,false,true,false,com.github.axet.filemanager.fragments.FilesFragment$SortByName
true,false,false,false,false,com.github.axet.filemanager.fragments.FilesFragment$SortMove
true,false,false,true,false,com.github.axet.filemanager.fragments.FilesFragment$SortDelete
true,false,true,false,false,com.github.axet.filemanager.fragments.FilesFragment$Holder
false,false,false,true,false,com.github.axet.filemanager.fragments.FilesFragment$android.support.v7.widget.PopupMenu$OnMenuItemClickListenerAdapter
false,false,false,true,false,com.github.axet.filemanager.fragments.FilesFragment$android.view.View$OnClickListenerAdapter
false,false,false,true,false,com.github.axet.filemanager.fragments.FilesFragment$android.support.v7.widget.PopupMenu$OnMenuItemClickListenerAdapter
false,false,false,true,false,com.github.axet.filemanager.fragments.FilesFragment$android.view.View$OnLongClickListenerAdapter
false,false,false,true,false,com.github.axet.filemanager.fragments.FilesFragment$android.view.View$OnClickListenerAdapter
false,false,true,true,false,com.github.axet.filemanager.fragments.FilesFragment$Adapter
false,false,false,true,false,com.github.axet.filemanager.fragments.FilesFragment$com.github.axet.filemanager.widgets.PathView$Listener15
false,false,false,true,false,com.github.axet.filemanager.fragments.FilesFragment$android.view.View$OnClickListener17
false,false,false,true,false,com.github.axet.filemanager.fragments.FilesFragment$android.support.v7.view.CollapsibleActionView18
false,false,false,true,false,com.github.axet.filemanager.fragments.FilesFragment$com.github.axet.filemanager.fragments.FilesFragment$PasteBuilder20
false,false,false,true,false,com.github.axet.filemanager.fragments.FilesFragment$android.content.DialogInterface$OnClickListener20
false,false,false,true,false,com.github.axet.filemanager.fragments.FilesFragment$com.github.axet.filemanager.fragments.FilesFragment$PasteBuilder21
false,false,false,true,false,com.github.axet.filemanager.fragments.FilesFragment$com.github.axet.filemanager.fragments.FilesFragment$DeleteBuilder22
false,false,false,true,false,com.github.axet.filemanager.fragments.FilesFragment$java.lang.Runnable22
false,false,false,true,false,com.github.axet.filemanager.fragments.FilesFragment$com.github.axet.filemanager.fragments.FilesFragment$RecycleBuilder24
false,false,false,true,false,com.github.axet.filemanager.fragments.FilesFragment$android.content.DialogInterface$OnClickListener24
false,false,false,true,false,com.github.axet.filemanager.fragments.FilesFragment$android.content.DialogInterface$OnClickListener26
false,false,false,true,false,com.github.axet.filemanager.fragments.FilesFragment$com.github.axet.androidlibrary.widgets.OpenChoicer27
false,false,false,true,false,com.github.axet.filemanager.fragments.FilesFragment$java.lang.Runnable27
false,false,false,true,false,com.github.axet.filemanager.fragments.FilesFragment$java.lang.Thread28
false,false,false,true,false,com.github.axet.filemanager.fragments.FilesFragment$com.github.axet.filemanager.fragments.FilesFragment$PendingOperation28
false,false,false,true,false,com.github.axet.filemanager.fragments.FilesFragment$android.view.View$OnClickListener29
false,false,false,true,false,com.github.axet.filemanager.fragments.FilesFragment$android.view.View$OnClickListener29
false,false,false,true,false,com.github.axet.filemanager.fragments.FilesFragment$android.content.DialogInterface$OnDismissListener30
false,false,true,false,false,com.github.axet.filemanager.fragments.HexDialogFragment$android.content.BroadcastReceiver1
true,false,true,true,false,com.github.axet.filemanager.fragments.HexDialogFragment$PagerAdapter
false,false,false,true,false,com.github.axet.filemanager.fragments.HexDialogFragment$android.view.View$OnClickListener4
false,false,false,true,false,com.github.axet.filemanager.fragments.HexDialogFragment$android.view.View$OnClickListener5
false,false,false,true,false,com.github.axet.filemanager.fragments.MediaFragment$android.view.View$OnClickListener1
false,false,false,true,false,com.github.axet.filemanager.fragments.MediaFragment$android.view.View$OnClickListener2
false,false,true,true,false,com.github.axet.filemanager.fragments.SearchFragment$java.lang.Runnable1
false,false,true,true,false,com.github.axet.filemanager.fragments.SearchFragment$java.lang.Runnable2
false,false,false,true,false,com.github.axet.filemanager.fragments.SearchFragment$android.support.v7.widget.PopupMenu$OnMenuItemClickListenerSearchAdapter
false,false,false,true,false,com.github.axet.filemanager.fragments.SearchFragment$android.view.View$OnClickListenerSearchAdapter
false,false,false,true,false,com.github.axet.filemanager.fragments.SearchFragment$SearchAdapter
false,false,false,true,false,com.github.axet.filemanager.services.StorageProvider$com.github.axet.filemanager.services.InputStreamWriter2
false,false,false,true,false,com.github.axet.filemanager.services.StorageProvider$com.github.axet.filemanager.services.InputStreamWriter3
true,false,false,true,false,com.github.axet.filemanager.widgets.GifView$FileGif89a
true,false,false,true,false,com.github.axet.filemanager.widgets.GifView$FileGif87a
true,false,true,false,false,com.github.axet.filemanager.widgets.GifView$FileGif
true,false,true,false,false,com.github.axet.filemanager.widgets.HexViewStream$Holder
false,false,true,true,false,com.github.axet.filemanager.widgets.HexViewStream$Adapter
false,false,false,true,false,com.github.axet.filemanager.widgets.PathView$java.lang.Runnable1
false,false,false,true,false,com.github.axet.filemanager.widgets.PathView$com.github.axet.filemanager.widgets.OnClickListener2
true,false,true,true,false,com.github.axet.filemanager.widgets.TextViewStream$Holder
false,false,false,true,false,com.github.axet.filemanager.widgets.TextViewStream$java.lang.RunnableAdapter
false,false,true,true,false,com.github.axet.filemanager.widgets.TextViewStream$Adapter
false,false,false,false,true,com.github.axet.filemanager.widgets.PathView$Listener
false,false,false,true,false,com.github.axet.hourlyreminder.activities.AlarmActivity$android.view.View$OnClickListener1
false,false,false,true,false,com.github.axet.hourlyreminder.activities.AlarmActivity$android.view.View$OnClickListener2
false,false,false,true,false,com.github.axet.hourlyreminder.activities.AlarmActivity$java.lang.Runnable3
false,false,false,true,false,com.github.axet.hourlyreminder.activities.MainActivity$java.lang.Runnable1
false,false,true,false,false,com.github.axet.hourlyreminder.activities.MainActivity$TimeSetReceiver
true,false,true,false,false,com.github.axet.hourlyreminder.activities.MainActivity$SettingsTabView
false,false,true,true,false,com.github.axet.hourlyreminder.activities.MainActivity$SectionsPagerAdapter
true,false,true,true,false,com.github.axet.hourlyreminder.alarms.Reminder$Key
true,false,false,true,false,com.github.axet.hourlyreminder.alarms.WeekTime$CustomComparator
false,false,false,true,false,com.github.axet.hourlyreminder.animations.AlarmAnimation$com.github.axet.hourlyreminder.animations.LateCreator1
false,false,false,true,false,com.github.axet.hourlyreminder.animations.AlarmAnimation$java.lang.Runnable2
false,false,true,true,false,com.github.axet.hourlyreminder.app.HourlyApplication$ItemsStorage
false,false,true,false,false,com.github.axet.hourlyreminder.app.Sound$java.lang.Runnable1
true,false,true,true,false,com.github.axet.hourlyreminder.app.Sound$Playlist
false,false,false,true,false,com.github.axet.hourlyreminder.app.Sound$java.lang.Runnable2
false,false,false,true,false,com.github.axet.hourlyreminder.app.Sound$java.lang.Runnable3
false,false,false,true,false,com.github.axet.hourlyreminder.app.Sound$java.lang.Runnable4
false,false,false,true,false,com.github.axet.hourlyreminder.app.Sound$java.lang.Runnable5
false,false,false,true,false,com.github.axet.hourlyreminder.app.Sound$java.lang.Runnable6
false,false,false,true,false,com.github.axet.hourlyreminder.app.Sound$java.lang.Runnable7
false,false,false,true,false,com.github.axet.hourlyreminder.app.Sound$java.lang.Runnable8
false,false,false,true,false,com.github.axet.hourlyreminder.app.Sound$java.lang.Runnable9
false,false,false,true,false,com.github.axet.hourlyreminder.app.Sound$java.lang.Runnable11
false,false,false,true,false,com.github.axet.hourlyreminder.app.Sound$java.lang.Runnable12
false,false,false,true,false,com.github.axet.hourlyreminder.app.Sound$java.lang.Runnable14
false,false,false,true,false,com.github.axet.hourlyreminder.app.Sound$android.media.MediaPlayer$OnCompletionListener15
false,false,false,true,false,com.github.axet.hourlyreminder.app.Sound$java.lang.Runnable17
false,false,false,true,false,com.github.axet.hourlyreminder.app.Sound$java.lang.Runnable17
false,false,false,true,false,com.github.axet.hourlyreminder.app.Sound$java.lang.Runnable18
false,false,false,true,false,com.github.axet.hourlyreminder.app.Sound$java.lang.Runnable18
false,false,false,true,false,com.github.axet.hourlyreminder.app.Sound$java.lang.Runnable19
false,false,false,true,false,com.github.axet.hourlyreminder.app.Sound$java.lang.Runnable20
false,false,false,true,false,com.github.axet.hourlyreminder.app.Sound$java.lang.Runnable21
false,false,false,true,false,com.github.axet.hourlyreminder.app.Sound$java.lang.Runnable22
false,false,false,true,false,com.github.axet.hourlyreminder.app.Sound$java.lang.Runnable23
false,true,false,false,false,com.github.axet.hourlyreminder.app.SoundConfig$Silenced
true,false,false,false,false,com.github.axet.hourlyreminder.app.SoundConfig$SoundChannel
false,false,false,true,false,com.github.axet.hourlyreminder.app.TTS$java.lang.Runnable1
false,false,false,true,false,com.github.axet.hourlyreminder.app.TTS$java.lang.Runnable3
false,false,false,true,false,com.github.axet.hourlyreminder.app.TTS$java.lang.Runnable6
false,false,false,true,false,com.github.axet.hourlyreminder.app.TTS$java.lang.Runnable6
false,false,false,true,false,com.github.axet.hourlyreminder.app.WakeScreen$java.lang.Runnable1
true,false,true,false,false,com.github.axet.hourlyreminder.app.WakeScreen$ForceRemove
false,false,true,false,false,com.github.axet.hourlyreminder.dialogs.HoursDialogFragment$Result
false,false,false,true,false,com.github.axet.hourlyreminder.dialogs.HoursDialogFragment$android.content.DialogInterface$OnShowListener3
false,false,false,true,false,com.github.axet.hourlyreminder.dialogs.HoursDialogFragment$android.view.View$OnClickListener4
false,false,false,true,false,com.github.axet.hourlyreminder.dialogs.HoursDialogFragment$android.view.View$OnClickListener5
false,false,false,true,false,com.github.axet.hourlyreminder.dialogs.HoursDialogFragment$android.view.View$OnClickListener6
false,false,true,false,false,com.github.axet.hourlyreminder.dialogs.RepeatDialogFragment$Result
false,false,false,true,false,com.github.axet.hourlyreminder.dialogs.RepeatDialogFragment$android.view.View$OnClickListener3
false,false,false,true,false,com.github.axet.hourlyreminder.dialogs.RepeatDialogFragment$android.view.View$OnClickListener4
false,false,false,true,false,com.github.axet.hourlyreminder.dialogs.RepeatDialogFragment$com.github.axet.androidlibrary.widgets.CircularSeekBar$OnCircularSeekBarChangeListener5
false,false,false,true,false,com.github.axet.hourlyreminder.dialogs.RepeatDialogFragment$android.view.View$OnClickListener6
false,false,false,true,false,com.github.axet.hourlyreminder.fragments.AlarmsFragment$java.lang.Runnable1
false,false,false,true,false,com.github.axet.hourlyreminder.fragments.AlarmsFragment$android.app.TimePickerDialog$OnTimeSetListener1
false,false,false,true,false,com.github.axet.hourlyreminder.fragments.AlarmsFragment$android.view.View$OnClickListener1
false,false,false,true,false,com.github.axet.hourlyreminder.fragments.AlarmsFragment$com.github.axet.androidlibrary.widgets.RingtoneChoicer2
false,false,false,true,false,com.github.axet.hourlyreminder.fragments.AlarmsFragment$android.view.View$OnClickListener2
false,false,false,true,false,com.github.axet.hourlyreminder.fragments.AlarmsFragment$java.lang.Runnable3
false,false,false,true,false,com.github.axet.hourlyreminder.fragments.AlarmsFragment$android.app.TimePickerDialog$OnTimeSetListener3
false,false,false,true,false,com.github.axet.hourlyreminder.fragments.AlarmsFragment$android.view.View$OnClickListener3
false,false,false,true,false,com.github.axet.hourlyreminder.fragments.RemindersFragment$android.view.View$OnClickListener1
false,false,false,true,false,com.github.axet.hourlyreminder.fragments.RemindersFragment$com.github.axet.androidlibrary.widgets.RingtoneChoicer2
false,false,false,true,false,com.github.axet.hourlyreminder.fragments.RemindersFragment$android.view.View$OnClickListener2
false,false,false,true,false,com.github.axet.hourlyreminder.fragments.RemindersFragment$android.view.View$OnClickListener3
false,false,false,true,false,com.github.axet.hourlyreminder.fragments.RemindersFragment$android.view.View$OnClickListener4
false,false,false,true,false,com.github.axet.hourlyreminder.fragments.RemindersFragment$java.lang.Runnable5
true,false,false,true,false,com.github.axet.hourlyreminder.fragments.SettingsFragment$android.support.v7.preference.Preference$OnPreferenceChangeListener2
false,false,false,true,false,com.github.axet.hourlyreminder.fragments.SettingsFragment$android.support.v7.preference.Preference$OnPreferenceChangeListener3
false,false,false,true,false,com.github.axet.hourlyreminder.fragments.SettingsFragment$android.view.View$OnClickListener6
false,false,false,true,false,com.github.axet.hourlyreminder.fragments.WeekSetFragment$android.view.View$OnClickListener1
false,false,false,true,false,com.github.axet.hourlyreminder.fragments.WeekSetFragment$android.view.View$OnClickListener2
false,false,false,true,false,com.github.axet.hourlyreminder.fragments.WeekSetFragment$android.view.View$OnClickListener3
false,false,false,true,false,com.github.axet.hourlyreminder.fragments.WeekSetFragment$android.view.View$OnClickListener4
false,false,false,true,false,com.github.axet.hourlyreminder.fragments.WeekSetFragment$android.view.View$OnClickListener5
false,false,false,true,false,com.github.axet.hourlyreminder.fragments.WeekSetFragment$android.view.View$OnClickListener6
false,false,false,true,false,com.github.axet.hourlyreminder.fragments.WeekSetFragment$android.view.View$OnClickListener7
false,false,false,true,false,com.github.axet.hourlyreminder.fragments.WeekSetFragment$java.lang.Runnable8
false,false,false,true,false,com.github.axet.hourlyreminder.fragments.WeekSetFragment$android.content.DialogInterface$OnClickListener8
false,false,false,true,false,com.github.axet.hourlyreminder.fragments.WeekSetFragment$android.view.View$OnClickListener8
false,false,false,true,false,com.github.axet.hourlyreminder.fragments.WeekSetFragment$com.github.axet.androidlibrary.widgets.OpenChoicer9
false,false,false,true,false,com.github.axet.hourlyreminder.fragments.WeekSetFragment$android.view.View$OnClickListener9
false,false,false,true,false,com.github.axet.hourlyreminder.fragments.WeekSetFragment$android.view.View$OnClickListener10
false,false,false,true,false,com.github.axet.hourlyreminder.fragments.WeekSetFragment$android.view.View$OnClickListener11
false,false,false,true,false,com.github.axet.hourlyreminder.fragments.WeekSetFragment$android.view.View$OnClickListener12
false,false,false,true,false,com.github.axet.hourlyreminder.services.AlarmService$com.github.axet.androidlibrary.widgets.OptimizationPreferenceCompat$ServiceReceiver1
false,false,true,true,false,com.github.axet.hourlyreminder.services.FireAlarmService$PhoneStateChangeListener
false,false,true,true,false,com.github.axet.hourlyreminder.services.FireAlarmService$FireAlarmReceiver
true,false,true,true,false,com.github.axet.hourlyreminder.services.FireAlarmService$FireAlarm
false,false,false,true,false,com.github.axet.hourlyreminder.services.FireAlarmService$java.lang.Runnable1
true,false,true,true,false,com.github.axet.hourlyreminder.widgets.BeepPreference$BeepConfig
false,false,false,true,false,com.github.axet.hourlyreminder.widgets.BeepPreference$android.view.View$OnClickListenerBeepPrefDialogFragment
false,false,false,true,false,com.github.axet.hourlyreminder.widgets.BeepPreference$android.text.TextWatcherBeepPrefDialogFragment
false,false,false,true,false,com.github.axet.hourlyreminder.widgets.BeepPreference$android.text.TextWatcherBeepPrefDialogFragment
false,false,false,true,false,com.github.axet.hourlyreminder.widgets.BeepPreference$android.widget.SeekBar$OnSeekBarChangeListenerBeepPrefDialogFragment
false,false,false,true,false,com.github.axet.hourlyreminder.widgets.BeepPreference$android.view.View$OnClickListenerBeepPrefDialogFragment
false,false,false,true,false,com.github.axet.hourlyreminder.widgets.BeepPreference$android.content.DialogInterface$OnShowListenerBeepPrefDialogFragment
true,false,true,true,false,com.github.axet.hourlyreminder.widgets.BeepPreference$BeepPrefDialogFragment
false,false,true,true,false,com.github.axet.hourlyreminder.widgets.BeepView$CoordsView
false,false,true,true,false,com.github.axet.hourlyreminder.widgets.BeepView$GraphView
false,false,false,true,false,com.github.axet.hourlyreminder.widgets.FlashPreference$java.lang.Runnable1
false,false,true,true,false,com.github.axet.hourlyreminder.widgets.FlashPreference$java.lang.RunnableFlash
true,false,true,true,false,com.github.axet.hourlyreminder.widgets.FlashPreference$Flash
false,false,false,true,false,com.github.axet.hourlyreminder.widgets.FlashPreference$android.content.DialogInterface$OnDismissListener2
false,false,false,true,false,com.github.axet.hourlyreminder.widgets.FlashPreference$android.content.DialogInterface$OnClickListener3
false,false,false,true,false,com.github.axet.hourlyreminder.widgets.FlashPreference$android.content.DialogInterface$OnShowListener5
false,false,false,true,false,com.github.axet.hourlyreminder.widgets.FlashPreference$android.view.View$OnClickListener6
false,false,false,true,false,com.github.axet.hourlyreminder.widgets.FlashPreference$android.view.View$OnClickListener7
false,false,false,true,false,com.github.axet.hourlyreminder.widgets.FlashPreference$android.view.View$OnClickListener8
false,false,false,true,false,com.github.axet.hourlyreminder.widgets.FlashPreference$android.view.View$OnClickListener9
true,false,true,true,false,com.github.axet.hourlyreminder.widgets.TTSPreference$TTSConfig
false,false,false,true,false,com.github.axet.hourlyreminder.widgets.TTSPreference$com.github.axet.hourlyreminder.app.SoundTTSPrefDialogFragment
false,false,false,true,false,com.github.axet.hourlyreminder.widgets.TTSPreference$android.text.TextWatcherTTSPrefDialogFragment
false,false,false,true,false,com.github.axet.hourlyreminder.widgets.TTSPreference$android.view.View$OnClickListenerTTSPrefDialogFragment
false,false,false,true,false,com.github.axet.hourlyreminder.widgets.TTSPreference$android.text.TextWatcherTTSPrefDialogFragment
false,false,false,true,false,com.github.axet.hourlyreminder.widgets.TTSPreference$android.view.View$OnClickListenerTTSPrefDialogFragment
false,false,false,true,false,com.github.axet.hourlyreminder.widgets.TTSPreference$android.text.TextWatcherTTSPrefDialogFragment
false,false,false,true,false,com.github.axet.hourlyreminder.widgets.TTSPreference$android.view.View$OnClickListenerTTSPrefDialogFragment
false,false,false,true,false,com.github.axet.hourlyreminder.widgets.TTSPreference$android.text.TextWatcherTTSPrefDialogFragment
false,false,false,true,false,com.github.axet.hourlyreminder.widgets.TTSPreference$android.view.View$OnClickListenerTTSPrefDialogFragment
false,false,false,true,false,com.github.axet.hourlyreminder.widgets.TTSPreference$android.view.View$OnClickListenerTTSPrefDialogFragment
false,false,false,true,false,com.github.axet.hourlyreminder.widgets.TTSPreference$android.view.View$OnClickListenerTTSPrefDialogFragment
false,false,false,true,false,com.github.axet.hourlyreminder.widgets.TTSPreference$android.view.View$OnClickListenerTTSPrefDialogFragment
false,false,false,true,false,com.github.axet.hourlyreminder.widgets.TTSPreference$android.content.DialogInterface$OnShowListenerTTSPrefDialogFragment
true,false,true,true,false,com.github.axet.hourlyreminder.widgets.TTSPreference$TTSPrefDialogFragment
false,false,false,true,false,com.github.axet.hourlyreminder.widgets.VibratePreference$java.lang.Runnable1
true,false,true,false,false,com.github.axet.hourlyreminder.widgets.VibratePreference$Config
false,false,false,true,false,com.github.axet.hourlyreminder.widgets.VibratePreference$android.content.DialogInterface$OnDismissListener2
false,false,false,true,false,com.github.axet.hourlyreminder.widgets.VibratePreference$android.content.DialogInterface$OnClickListener3
false,false,false,true,false,com.github.axet.hourlyreminder.widgets.VibratePreference$android.content.DialogInterface$OnShowListener5
false,false,false,true,false,com.github.axet.hourlyreminder.widgets.VibratePreference$android.view.View$OnClickListener6
false,false,false,true,false,com.github.axet.hourlyreminder.widgets.VibratePreference$android.view.View$OnClickListener7
false,false,false,true,false,com.github.axet.hourlyreminder.widgets.VibratePreference$android.view.View$OnClickListener8
false,false,false,true,false,com.github.axet.hourlyreminder.widgets.VibratePreference$android.view.View$OnClickListener9
false,false,false,true,false,com.haha01haha01.harail.MainActivity$android.content.DialogInterface$OnClickListener3
false,false,false,true,false,com.haha01haha01.harail.MainActivity$android.content.DialogInterface$OnClickListener5
false,false,true,true,false,com.haha01haha01.harail.MainActivity$MirageTextFocusChangeCallback
false,false,false,true,false,com.haha01haha01.harail.MainActivity$MirageTextWatcher
false,false,true,true,false,com.haha01haha01.harail.MainActivity$SearchListItemClickedCallback
false,false,false,true,false,com.haha01haha01.harail.MainActivity$DownloadCompleteCallback
true,false,false,false,false,com.haha01haha01.harail.routeListFragment$com.haha01haha01.harail.routeListFragment$Callbacks1
false,false,false,false,true,com.haha01haha01.harail.routeListFragment$Callbacks
false,false,true,false,false,com.holokenmod.MainActivity$java.lang.Runnable1
false,false,false,true,false,com.holokenmod.MainActivity$java.lang.Runnable2
false,false,false,true,false,com.holokenmod.MainActivity$android.view.View.OnClickListener3
false,false,false,true,false,com.holokenmod.MainActivity$android.view.View.OnClickListener4
false,false,false,true,false,com.holokenmod.MainActivity$android.view.View.OnLongClickListener5
false,false,false,true,false,com.holokenmod.MainActivity$com.holokenmod.GridView$OnGridTouchListener6
false,false,false,true,false,com.holokenmod.MainActivity$com.holokenmod.GridView$OnSolvedListener7
false,false,false,true,false,com.holokenmod.MainActivity$android.view.View.OnClickListener8
false,false,false,true,false,com.holokenmod.MainActivity$java.lang.Thread9
false,false,false,true,false,com.holokenmod.MainActivity$android.content.DialogInterface$OnClickListener10
false,false,false,true,false,com.holokenmod.MainActivity$android.content.DialogInterface$OnClickListener12
false,false,false,true,false,com.holokenmod.MainActivity$android.content.DialogInterface$OnClickListener13
false,false,false,true,false,com.holokenmod.MainActivity$android.content.DialogInterface$OnClickListener16
false,false,false,true,false,com.holokenmod.MainActivity$android.content.DialogInterface$OnClickListener18
false,false,false,true,false,com.holokenmod.SaveGameListActivity$android.view.View.OnClickListener1
false,false,false,true,false,com.holokenmod.SaveGameListActivity$android.view.View.OnClickListener2
false,false,false,true,false,com.holokenmod.SaveGameListActivity$android.content.DialogInterface$OnClickListener3
false,false,false,true,false,com.holokenmod.SaveGameListActivity$android.content.DialogInterface$OnClickListener5
false,false,true,true,false,com.holokenmod.SaveGameListAdapter$SortSavedGames
false,false,false,true,false,com.holokenmod.SaveGameListAdapter$android.view.View.OnClickListener1
false,false,false,true,false,com.holokenmod.SaveGameListAdapter$android.view.View.OnClickListener2
false,false,false,true,false,com.holokenmod.StatsActivity$android.view.View.OnClickListener1
false,true,false,false,false,com.srlee.DLX.DLX$SolveType
false,false,false,true,false,com.mridang.colorpicker.ColorPreference$android.widget.AdapterView$OnItemClickListenerColorDialogFragment
false,false,true,true,false,com.mridang.colorpicker.ColorPreference$ColorDialogFragment$ColorGridAdapter
true,false,true,true,false,com.mridang.colorpicker.ColorPreference$ColorDialogFragment
false,false,true,true,false,com.mridang.speedo.SettingsActivity$android.content.ServiceConnection1
false,false,false,true,false,com.mridang.speedo.SettingsActivity$android.preference.Preference$OnPreferenceChangeListener2
false,false,false,true,false,com.mridang.speedo.SettingsActivity$android.preference.Preference$OnPreferenceChangeListener3
false,false,false,true,false,com.mridang.speedo.SettingsActivity$android.preference.Preference$OnPreferenceChangeListener4
false,false,false,true,false,com.mridang.speedo.TrafficService$android.content.BroadcastReceiver1
true,false,true,false,false,com.mridang.speedo.TrafficService$NotificationHandler
true,false,false,false,false,com.nkanaev.comics.fragment.LibraryFragment$UpdateHandler
false,true,false,false,false,com.nkanaev.comics.fragment.ReaderFragment$Mode
true,false,false,false,false,com.nkanaev.comics.managers.Scanner$RestartHandler
true,false,false,false,false,com.nkanaev.comics.model.Storage$Book
false,true,false,false,false,com.nkanaev.comics.Constants$PageViewMode
false,false,false,false,true,com.nkanaev.comics.view.ComicViewPager$OnSwipeOutListener
false,false,false,false,true,com.nkanaev.comics.view.DirectorySelectDialog$OnDirectorySelectListener